transaction_id,client_name,date,ledger_head,category_code,amount,gst_amount,type,payment_mode,remarks,income_or_expense
cee8edec,PQR Enterprises,2025-03-13,Travel Expenses,2,35831.73,6449.71,Debit,Cash,Pending approval,Expense
53894f4f,PQR Enterprises,2024-12-24,Travel Expenses,2,25024.51,4504.41,Debit,UPI,Reimbursed,Expense
c374d8f1,XYZ Ltd,2024-11-25,Maintenance,6,46692.32,8404.62,Credit,Bank Transfer,Advance cleared,Income
facce1ab,Omega Inc,2024-09-01,Software Purchase,5,47912.43,8624.24,Credit,Credit Card,Payment processed successfully,Income
6b4aaa94,Delta Co,2025-08-01,Maintenance,6,48033.19,8645.97,Debit,Cheque,Part payment,Expense
c2bef9a8,Omega Inc,2025-01-03,Maintenance,6,32532.8,5855.9,Credit,Cheque,Advance cleared,Income
b94712cc,LMN Pvt Ltd,2024-08-14,Travel Expenses,2,13198.23,0.0,Credit,Credit Card,Includes GST,Income
c803979f,XYZ Ltd,2024-10-11,Travel Expenses,2,3597.26,647.51,Credit,Bank Transfer,Reimbursed,Income
b33a4bfa,ABC Corp,2025-07-07,Travel Expenses,2,48666.35,0.0,Credit,Credit Card,Without GST,Income
5d2cff03,Omega Inc,2025-03-15,Salary,3,49007.14,8821.29,Debit,UPI,Part payment,Expense
808530b6,LMN Pvt Ltd,2025-01-15,Consultancy Fees,4,42434.76,7638.26,Credit,Bank Transfer,Payment processed successfully,Income
1ebe7091,Delta Co,2025-01-07,Salary,3,8073.14,1453.17,Credit,Bank Transfer,Part payment,Income
5635d2b4,XYZ Ltd,2025-03-17,Maintenance,6,18448.67,0.0,Credit,Bank Transfer,Without GST,Income
e14413ab,XYZ Ltd,2025-01-16,Travel Expenses,2,27484.74,4947.25,Credit,UPI,Pending approval,Income
53337df8,ABC Corp,2025-03-04,Office Supplies,1,4477.4,805.93,Credit,Credit Card,Pending approval,Income
773e847a,Delta Co,2025-05-21,Consultancy Fees,4,2552.65,459.48,Debit,UPI,Urgent payment,Expense
ab4de36e,LMN Pvt Ltd,2025-08-10,Software Purchase,5,36163.49,6509.43,Debit,UPI,Urgent payment,Expense
f8a41b3e,XYZ Ltd,2025-02-11,Travel Expenses,2,39675.84,7141.65,Debit,UPI,Includes GST,Expense
cc555495,PQR Enterprises,2025-03-29,Travel Expenses,2,25662.43,4619.24,Credit,Credit Card,Pending approval,Income
09cc38d4,ABC Corp,2024-11-30,Office Supplies,1,18028.88,3245.2,Credit,Bank Transfer,Part payment,Income
90f046f2,LMN Pvt Ltd,2024-12-12,Maintenance,6,22434.69,4038.24,Debit,Cheque,Without GST,Expense
c98f6e33,LMN Pvt Ltd,2024-09-29,Maintenance,6,37597.46,6767.54,Debit,Cheque,Includes GST,Expense
3930f8ac,LMN Pvt Ltd,2024-11-10,Consultancy Fees,4,6925.76,1246.64,Credit,Cash,Payment processed successfully,Income
361254f9,PQR Enterprises,2024-12-12,Office Supplies,1,21066.61,3791.99,Debit,UPI,Includes GST,Expense
c91a430c,ABC Corp,2024-09-15,Maintenance,6,14592.97,2626.73,Credit,Cash,Without GST,Income
bff2da85,ABC Corp,2025-03-08,Maintenance,6,27330.6,0.0,Debit,Bank Transfer,Pending approval,Expense
487d0cde,Omega Inc,2025-05-19,Consultancy Fees,4,27328.95,4919.21,Credit,Credit Card,Part payment,Income
7a215157,PQR Enterprises,2025-03-03,Consultancy Fees,4,6204.47,1116.8,Debit,Cheque,Final settlement,Expense
22d676ec,XYZ Ltd,2025-05-03,Salary,3,26354.44,4743.8,Credit,UPI,Pending approval,Income
ac40fae7,Delta Co,2024-12-16,Consultancy Fees,4,42234.39,7602.19,Credit,Cheque,Pending approval,Income
42e2ba22,XYZ Ltd,2025-07-14,Software Purchase,5,11613.26,0.0,Credit,Cheque,Reimbursed,Income
a0f1e649,LMN Pvt Ltd,2025-07-11,Travel Expenses,2,2813.81,506.49,Credit,Bank Transfer,Final settlement,Income
366ad019,ABC Corp,2025-05-31,Software Purchase,5,44237.79,0.0,Credit,Cheque,Without GST,Income
910b22b6,ABC Corp,2025-01-17,Consultancy Fees,4,9261.48,1667.07,Debit,Bank Transfer,Without GST,Expense
17799977,Omega Inc,2025-04-15,Travel Expenses,2,16205.33,2916.96,Debit,Bank Transfer,Reimbursed,Expense
1dd4ed58,PQR Enterprises,2025-05-31,Software Purchase,5,44444.46,8000.0,Credit,Credit Card,Pending approval,Income
891ab9d6,Delta Co,2025-05-24,Office Supplies,1,4514.63,812.63,Debit,Cash,Final settlement,Expense
25c6692f,PQR Enterprises,2025-05-15,Maintenance,6,33969.07,6114.43,Credit,Credit Card,Final settlement,Income
2b68f685,Omega Inc,2024-11-21,Software Purchase,5,20283.95,3651.11,Debit,Cash,Includes GST,Expense
b4bc72e7,Omega Inc,2025-04-27,Maintenance,6,22673.92,4081.31,Credit,Cheque,Reimbursed,Income
e9889dc3,Delta Co,2024-11-01,Office Supplies,1,48040.16,8647.23,Debit,Credit Card,Includes GST,Expense
2cd9d8de,ABC Corp,2025-05-20,Software Purchase,5,3576.36,643.74,Debit,Cheque,Part payment,Expense
a8aab0e1,Omega Inc,2024-10-06,Salary,3,3750.16,675.03,Credit,Cheque,Advance cleared,Income
ae281a92,PQR Enterprises,2025-04-16,Consultancy Fees,4,6030.34,1085.46,Debit,Cheque,Urgent payment,Expense
4504f885,Omega Inc,2024-11-10,Software Purchase,5,25314.7,4556.65,Credit,Credit Card,Payment processed successfully,Income
ae372379,PQR Enterprises,2025-08-11,Consultancy Fees,4,5189.76,934.16,Debit,Cash,Without GST,Expense
35ac7cfd,Omega Inc,2025-07-23,Software Purchase,5,14892.44,2680.64,Debit,Credit Card,Final settlement,Expense
c5605f52,Delta Co,2024-08-29,Salary,3,19322.66,3478.08,Credit,Credit Card,Pending approval,Income
74f08bf8,Delta Co,2024-11-23,Salary,3,27781.27,5000.63,Credit,Cash,Payment processed successfully,Income
ad45d44b,Omega Inc,2024-11-06,Salary,3,32507.01,5851.26,Debit,UPI,Advance cleared,Expense
6b77003d,Delta Co,2025-01-05,Consultancy Fees,4,37572.62,6763.07,Debit,Cash,Includes GST,Expense
e9230db3,PQR Enterprises,2024-08-28,Travel Expenses,2,8854.98,1593.9,Credit,Bank Transfer,Urgent payment,Income
ee1940df,Omega Inc,2024-09-17,Software Purchase,5,37942.74,6829.69,Credit,Bank Transfer,Final settlement,Income
bfe39572,LMN Pvt Ltd,2024-08-14,Maintenance,6,26858.28,0.0,Debit,Cash,Part payment,Expense
2c4edb38,XYZ Ltd,2024-10-21,Salary,3,2759.71,0.0,Credit,Cheque,Urgent payment,Income
da898491,PQR Enterprises,2024-11-20,Software Purchase,5,41842.35,7531.62,Credit,Cash,Pending approval,Income
e599a700,Omega Inc,2024-09-12,Office Supplies,1,1384.36,249.18,Debit,Bank Transfer,Final settlement,Expense
430fc127,ABC Corp,2024-12-26,Travel Expenses,2,38464.73,6923.65,Credit,UPI,Payment processed successfully,Income
97a40e16,ABC Corp,2025-01-01,Office Supplies,1,10138.7,1824.97,Credit,UPI,Final settlement,Income
3469c726,XYZ Ltd,2024-09-11,Salary,3,9655.73,1738.03,Credit,Cheque,Advance cleared,Income
eca3a198,PQR Enterprises,2025-03-03,Salary,3,30109.59,5419.73,Debit,Cheque,Final settlement,Expense
0b02c3de,ABC Corp,2024-08-21,Consultancy Fees,4,9549.71,1718.95,Debit,Credit Card,Part payment,Expense
47425ccb,XYZ Ltd,2024-09-06,Office Supplies,1,24083.35,0.0,Debit,Credit Card,Advance cleared,Expense
5d71bb52,PQR Enterprises,2024-10-11,Consultancy Fees,4,48532.2,8735.8,Credit,Cheque,Includes GST,Income
b4a33f01,Delta Co,2024-11-23,Salary,3,16757.45,3016.34,Credit,Credit Card,Final settlement,Income
15153933,ABC Corp,2024-12-20,Maintenance,6,5249.53,944.92,Debit,UPI,Without GST,Expense
3aad98d9,LMN Pvt Ltd,2024-11-20,Maintenance,6,2807.96,505.43,Debit,Cash,Part payment,Expense
7b7cbd51,Delta Co,2025-07-22,Maintenance,6,41692.6,7504.67,Credit,Cheque,Without GST,Income
940769e8,LMN Pvt Ltd,2025-04-14,Office Supplies,1,26697.3,4805.51,Credit,Bank Transfer,Urgent payment,Income
e130fc46,ABC Corp,2025-03-23,Office Supplies,1,1647.63,296.57,Credit,Cheque,Final settlement,Income
f9701444,LMN Pvt Ltd,2025-03-11,Office Supplies,1,9274.37,1669.39,Debit,UPI,Urgent payment,Expense
7af1fedc,LMN Pvt Ltd,2025-08-05,Software Purchase,5,37726.15,0.0,Credit,Cash,Final settlement,Income
346c3af5,LMN Pvt Ltd,2024-12-05,Consultancy Fees,4,17778.71,3200.17,Credit,Credit Card,Includes GST,Income
a0552c26,Omega Inc,2024-11-15,Maintenance,6,44664.23,8039.56,Debit,Cheque,Advance cleared,Expense
317a8374,LMN Pvt Ltd,2024-11-13,Salary,3,28831.63,5189.69,Credit,Cheque,Reimbursed,Income
30fa15c5,Delta Co,2025-06-19,Salary,3,6346.41,1142.35,Debit,UPI,Final settlement,Expense
f7d551de,Omega Inc,2025-02-12,Consultancy Fees,4,49955.62,8992.01,Credit,Bank Transfer,Includes GST,Income
ec530393,ABC Corp,2025-06-18,Travel Expenses,2,20387.43,3669.74,Credit,Bank Transfer,Reimbursed,Income
dafea911,PQR Enterprises,2025-06-25,Travel Expenses,2,41985.92,7557.47,Credit,Cheque,Pending approval,Income
c5664191,PQR Enterprises,2024-11-16,Salary,3,33685.76,6063.44,Credit,Cash,Final settlement,Income
24f800d3,PQR Enterprises,2025-01-15,Consultancy Fees,4,8141.34,1465.44,Credit,UPI,Urgent payment,Income
eb987358,Delta Co,2024-12-25,Salary,3,22045.49,3968.19,Credit,UPI,Payment processed successfully,Income
7003e034,PQR Enterprises,2025-05-20,Software Purchase,5,48495.82,8729.25,Credit,UPI,Advance cleared,Income
53889107,LMN Pvt Ltd,2024-10-05,Salary,3,40702.67,0.0,Credit,UPI,Final settlement,Income
05f48d70,ABC Corp,2024-12-31,Office Supplies,1,39749.32,7154.88,Debit,Cheque,Payment processed successfully,Expense
0c9936d7,Delta Co,2025-04-02,Office Supplies,1,33415.64,6014.82,Debit,Cheque,Advance cleared,Expense
0755d677,PQR Enterprises,2025-03-28,Consultancy Fees,4,22000.27,3960.05,Debit,UPI,Reimbursed,Expense
6f7c7099,Delta Co,2025-07-07,Software Purchase,5,42463.12,7643.36,Debit,Cheque,Payment processed successfully,Expense
342c86f9,LMN Pvt Ltd,2025-07-31,Travel Expenses,2,39926.0,7186.68,Credit,Bank Transfer,Pending approval,Income
6ffaf01e,Omega Inc,2025-03-05,Software Purchase,5,45900.84,8262.15,Credit,Cheque,Part payment,Income
a17de936,Delta Co,2025-03-22,Salary,3,2472.49,445.05,Debit,Credit Card,Urgent payment,Expense
14e95145,Delta Co,2024-11-26,Travel Expenses,2,41112.55,7400.26,Debit,Credit Card,Payment processed successfully,Expense
48d3d528,XYZ Ltd,2024-11-22,Salary,3,8213.78,1478.48,Debit,Credit Card,Without GST,Expense
c082dfde,LMN Pvt Ltd,2024-12-30,Consultancy Fees,4,4695.47,845.18,Credit,Bank Transfer,Reimbursed,Income
83fca715,LMN Pvt Ltd,2025-08-01,Office Supplies,1,19698.8,3545.78,Credit,UPI,Pending approval,Income
3559635d,LMN Pvt Ltd,2025-06-20,Salary,3,16339.33,0.0,Credit,Bank Transfer,Pending approval,Income
1380317c,XYZ Ltd,2025-07-14,Software Purchase,5,6968.97,1254.41,Debit,Bank Transfer,Pending approval,Expense
93fa272d,Omega Inc,2025-07-04,Software Purchase,5,12850.79,2313.14,Credit,Bank Transfer,Reimbursed,Income
451f4b0b,Omega Inc,2025-06-13,Travel Expenses,2,5320.33,957.66,Credit,Bank Transfer,Without GST,Income
2465f96d,PQR Enterprises,2025-01-12,Travel Expenses,2,5029.91,905.38,Debit,Bank Transfer,Advance cleared,Expense
27721a57,PQR Enterprises,2025-07-26,Consultancy Fees,4,46156.15,0.0,Debit,Bank Transfer,Without GST,Expense
9bf6385a,XYZ Ltd,2024-09-01,Travel Expenses,2,11919.81,2145.57,Credit,Cash,Without GST,Income
2b235987,XYZ Ltd,2024-12-22,Software Purchase,5,30140.84,5425.35,Credit,UPI,Includes GST,Income
55f68bb8,ABC Corp,2025-06-11,Office Supplies,1,7394.96,1331.09,Debit,Cheque,Payment processed successfully,Expense
77fab9a8,ABC Corp,2025-03-06,Consultancy Fees,4,20073.12,3613.16,Debit,Cash,Reimbursed,Expense
1c77ce60,ABC Corp,2024-12-30,Salary,3,10034.45,1806.2,Credit,Cash,Payment processed successfully,Income
0c2fd3c0,LMN Pvt Ltd,2024-12-09,Maintenance,6,20825.68,3748.62,Credit,Bank Transfer,Without GST,Income
ccc0ceaf,XYZ Ltd,2025-07-25,Office Supplies,1,36808.41,6625.51,Debit,UPI,Payment processed successfully,Expense
44ead36c,PQR Enterprises,2025-01-02,Salary,3,23386.36,0.0,Credit,Cash,Final settlement,Income
28956869,LMN Pvt Ltd,2024-08-17,Salary,3,23560.37,4240.87,Debit,Credit Card,Without GST,Expense
0093bd09,Omega Inc,2025-05-31,Office Supplies,1,49464.99,8903.7,Credit,UPI,Without GST,Income
a1fa9021,Delta Co,2024-12-30,Consultancy Fees,4,36085.17,6495.33,Credit,Cash,Pending approval,Income
26fe0142,XYZ Ltd,2025-06-08,Office Supplies,1,47993.04,8638.75,Credit,Cash,Without GST,Income
50e25812,LMN Pvt Ltd,2024-08-17,Salary,3,21876.34,3937.74,Debit,UPI,Part payment,Expense
81d99564,Omega Inc,2025-05-02,Office Supplies,1,42277.25,7609.9,Credit,UPI,Includes GST,Income
fcb591e7,ABC Corp,2025-07-06,Office Supplies,1,10105.26,1818.95,Credit,Credit Card,Pending approval,Income
91ee865e,ABC Corp,2025-08-02,Office Supplies,1,39419.67,7095.54,Credit,UPI,Final settlement,Income
0d905bb1,XYZ Ltd,2024-09-06,Software Purchase,5,16857.6,0.0,Credit,Cash,Payment processed successfully,Income
adfa521c,XYZ Ltd,2024-11-06,Software Purchase,5,13027.96,2345.03,Credit,Bank Transfer,Final settlement,Income
ed4f2ac0,Delta Co,2025-02-09,Maintenance,6,25264.36,4547.58,Credit,Cheque,Part payment,Income
82a32ce4,Delta Co,2025-06-27,Office Supplies,1,19930.23,3587.44,Credit,Cheque,Final settlement,Income
706bc598,LMN Pvt Ltd,2025-01-07,Maintenance,6,44302.64,7974.48,Debit,Cheque,Advance cleared,Expense
ded1f993,LMN Pvt Ltd,2025-02-19,Software Purchase,5,30649.99,5517.0,Credit,Bank Transfer,Without GST,Income
be1b6020,Delta Co,2025-03-12,Salary,3,13362.53,2405.26,Credit,Cash,Without GST,Income
8943b1b9,XYZ Ltd,2025-02-16,Salary,3,11038.6,1986.95,Credit,Cheque,Part payment,Income
c67f2b57,ABC Corp,2025-07-08,Office Supplies,1,2189.62,0.0,Debit,UPI,Final settlement,Expense
40135a5f,Omega Inc,2024-10-29,Maintenance,6,3854.72,693.85,Credit,Bank Transfer,Without GST,Income
41281ca2,LMN Pvt Ltd,2025-01-24,Office Supplies,1,25575.78,4603.64,Debit,UPI,Part payment,Expense
99f68f07,ABC Corp,2025-06-26,Travel Expenses,2,36351.6,6543.29,Credit,Cash,Payment processed successfully,Income
85e4d247,ABC Corp,2025-04-26,Consultancy Fees,4,13677.87,2462.02,Debit,Credit Card,Final settlement,Expense
f85c67ae,Delta Co,2024-10-29,Consultancy Fees,4,10825.94,0.0,Debit,Credit Card,Final settlement,Expense
ae08429f,Omega Inc,2025-07-09,Office Supplies,1,17087.79,3075.8,Debit,Bank Transfer,Reimbursed,Expense
1d5789ce,ABC Corp,2025-05-12,Office Supplies,1,18217.1,3279.08,Debit,Bank Transfer,Advance cleared,Expense
914c65fc,Omega Inc,2024-09-06,Maintenance,6,1782.7,320.89,Debit,Credit Card,Includes GST,Expense
fe35606c,LMN Pvt Ltd,2025-01-09,Maintenance,6,43852.93,7893.53,Credit,UPI,Part payment,Income
670950fb,ABC Corp,2025-04-18,Salary,3,48921.77,8805.92,Credit,UPI,Includes GST,Income
43768103,Delta Co,2024-12-10,Software Purchase,5,27871.05,5016.79,Debit,Bank Transfer,Advance cleared,Expense
c899b964,Delta Co,2025-05-18,Maintenance,6,7066.34,0.0,Debit,Cheque,Without GST,Expense
98663ff5,ABC Corp,2025-04-05,Travel Expenses,2,22541.66,4057.5,Credit,UPI,Advance cleared,Income
ea4b9d89,PQR Enterprises,2024-12-02,Software Purchase,5,21622.13,3891.98,Debit,UPI,Pending approval,Expense
bdad48f2,PQR Enterprises,2024-08-24,Travel Expenses,2,47935.14,8628.33,Credit,Cheque,Without GST,Income
c0199a54,ABC Corp,2024-10-29,Travel Expenses,2,43230.5,7781.49,Credit,Cash,Includes GST,Income
b0e2925f,ABC Corp,2024-09-12,Travel Expenses,2,21714.71,3908.65,Credit,Cash,Payment processed successfully,Income
08150922,XYZ Ltd,2025-01-25,Software Purchase,5,41356.08,7444.09,Debit,Cheque,Without GST,Expense
f8eaaed3,ABC Corp,2025-03-31,Travel Expenses,2,46313.62,8336.45,Credit,Bank Transfer,Advance cleared,Income
7fb94c24,XYZ Ltd,2025-06-24,Office Supplies,1,43265.89,7787.86,Credit,Cheque,Pending approval,Income
01f3dfb9,LMN Pvt Ltd,2025-02-12,Salary,3,41179.18,7412.25,Debit,Bank Transfer,Pending approval,Expense
63cb4216,ABC Corp,2024-10-09,Salary,3,46503.87,0.0,Credit,Bank Transfer,Pending approval,Income
00469460,LMN Pvt Ltd,2024-08-19,Software Purchase,5,3238.05,582.85,Credit,Cash,Part payment,Income
e9825cdf,LMN Pvt Ltd,2024-09-07,Consultancy Fees,4,10589.67,1906.14,Credit,Credit Card,Pending approval,Income
9e2ffd67,XYZ Ltd,2025-06-20,Travel Expenses,2,49604.38,8928.79,Debit,UPI,Reimbursed,Expense
29e773f0,ABC Corp,2024-11-25,Salary,3,31871.06,0.0,Debit,Credit Card,Without GST,Expense
d8528a6b,XYZ Ltd,2024-12-04,Maintenance,6,31862.77,5735.3,Credit,UPI,Urgent payment,Income
7e24c8fb,PQR Enterprises,2025-02-17,Software Purchase,5,535.14,96.33,Debit,UPI,Reimbursed,Expense
d9cbc47f,ABC Corp,2025-05-09,Salary,3,42582.72,7664.89,Credit,Bank Transfer,Urgent payment,Income
201e3068,ABC Corp,2025-01-21,Maintenance,6,8361.63,0.0,Debit,UPI,Urgent payment,Expense
ef700adf,LMN Pvt Ltd,2025-07-07,Travel Expenses,2,24268.02,0.0,Debit,Cheque,Final settlement,Expense
4d22886c,Delta Co,2025-01-23,Maintenance,6,23834.74,0.0,Credit,Bank Transfer,Reimbursed,Income
281dd71e,PQR Enterprises,2025-07-22,Consultancy Fees,4,30100.81,5418.15,Credit,Cash,Urgent payment,Income
95696f1a,XYZ Ltd,2025-05-12,Travel Expenses,2,36905.59,6643.01,Credit,Bank Transfer,Urgent payment,Income
7670490b,PQR Enterprises,2025-07-08,Travel Expenses,2,27990.68,0.0,Debit,Cheque,Pending approval,Expense
6e36f9a2,LMN Pvt Ltd,2025-01-14,Consultancy Fees,4,16481.51,2966.67,Debit,Cheque,Part payment,Expense
3600d9fe,LMN Pvt Ltd,2024-12-02,Software Purchase,5,22805.46,4104.98,Debit,Cheque,Urgent payment,Expense
ba701cd6,Delta Co,2025-07-10,Salary,3,36446.7,6560.41,Debit,Bank Transfer,Pending approval,Expense
dea22eba,Omega Inc,2024-11-05,Consultancy Fees,4,35623.41,0.0,Debit,Bank Transfer,Pending approval,Expense
a1262bd7,Omega Inc,2024-11-14,Maintenance,6,31591.18,0.0,Debit,Credit Card,Final settlement,Expense
92021468,ABC Corp,2025-06-07,Maintenance,6,11029.53,1985.32,Debit,Cheque,Advance cleared,Expense
51a24224,PQR Enterprises,2024-10-06,Office Supplies,1,39699.14,7145.85,Credit,UPI,Payment processed successfully,Income
aea583ae,Omega Inc,2024-12-23,Software Purchase,5,3628.34,0.0,Debit,Cash,Reimbursed,Expense
15816ffb,LMN Pvt Ltd,2025-06-24,Salary,3,8157.7,1468.39,Debit,Bank Transfer,Payment processed successfully,Expense
ce38171a,Omega Inc,2025-04-17,Travel Expenses,2,37322.55,6718.06,Credit,Bank Transfer,Without GST,Income
b6851b76,ABC Corp,2025-08-04,Travel Expenses,2,27634.56,4974.22,Credit,Cheque,Reimbursed,Income
afd172a7,XYZ Ltd,2024-10-03,Software Purchase,5,35756.86,6436.23,Credit,Cash,Part payment,Income
5298645c,PQR Enterprises,2025-05-24,Software Purchase,5,9645.33,1736.16,Debit,UPI,Pending approval,Expense
62b5a56f,ABC Corp,2024-08-19,Consultancy Fees,4,28731.6,5171.69,Credit,Cheque,Urgent payment,Income
1a44c1ba,LMN Pvt Ltd,2024-12-12,Office Supplies,1,24215.41,4358.77,Credit,Credit Card,Final settlement,Income
bf10e031,Delta Co,2024-10-22,Maintenance,6,10266.77,1848.02,Credit,Bank Transfer,Part payment,Income
9f3ebb36,XYZ Ltd,2025-08-10,Office Supplies,1,17589.42,3166.1,Debit,Credit Card,Reimbursed,Expense
4491c0bb,ABC Corp,2024-10-13,Consultancy Fees,4,25506.2,4591.12,Debit,UPI,Pending approval,Expense
0a051c65,Delta Co,2025-06-17,Consultancy Fees,4,46588.94,8386.01,Credit,UPI,Includes GST,Income
0a4abd2a,PQR Enterprises,2025-06-20,Maintenance,6,14017.21,2523.1,Credit,Bank Transfer,Advance cleared,Income
f418ad9c,PQR Enterprises,2025-08-10,Software Purchase,5,7826.03,1408.69,Credit,Bank Transfer,Includes GST,Income
baf1e9ae,Omega Inc,2024-11-09,Software Purchase,5,36860.82,6634.95,Debit,Credit Card,Advance cleared,Expense
dfbadfef,ABC Corp,2025-03-18,Travel Expenses,2,27419.01,4935.42,Debit,Cash,Part payment,Expense
f513689a,PQR Enterprises,2025-05-31,Consultancy Fees,4,24504.18,4410.75,Credit,Cash,Part payment,Income
dd903f46,PQR Enterprises,2025-02-26,Travel Expenses,2,20200.86,3636.15,Credit,UPI,Without GST,Income
cb6c2b5e,XYZ Ltd,2025-02-10,Maintenance,6,1044.89,188.08,Debit,Cheque,Reimbursed,Expense
1a477e2f,Delta Co,2025-04-30,Consultancy Fees,4,15815.0,2846.7,Credit,Cheque,Advance cleared,Income
dd2fa468,Delta Co,2025-03-23,Software Purchase,5,44840.77,8071.34,Debit,Credit Card,Without GST,Expense
5d02c292,Delta Co,2025-07-31,Office Supplies,1,31305.81,5635.05,Debit,Credit Card,Final settlement,Expense
94eef644,PQR Enterprises,2025-06-22,Office Supplies,1,3623.62,652.25,Credit,Cash,Reimbursed,Income
51ab2172,LMN Pvt Ltd,2024-11-22,Maintenance,6,33359.29,6004.67,Debit,Cheque,Advance cleared,Expense
1aca6b1b,Omega Inc,2025-06-12,Travel Expenses,2,45850.04,0.0,Debit,UPI,Advance cleared,Expense
7cce6d75,PQR Enterprises,2024-09-10,Maintenance,6,47347.37,8522.53,Debit,Bank Transfer,Urgent payment,Expense
214f5ae3,LMN Pvt Ltd,2025-01-20,Salary,3,34800.68,0.0,Debit,Cheque,Pending approval,Expense
42eec29a,XYZ Ltd,2024-10-11,Office Supplies,1,26984.69,4857.24,Credit,Cash,Without GST,Income
4bf0f105,LMN Pvt Ltd,2025-03-18,Travel Expenses,2,33180.69,5972.52,Credit,UPI,Part payment,Income
3166be2b,PQR Enterprises,2025-01-13,Travel Expenses,2,20497.61,3689.57,Debit,Cash,Urgent payment,Expense
b8449303,ABC Corp,2025-08-05,Software Purchase,5,11537.45,0.0,Credit,Cash,Reimbursed,Income
b722b57d,LMN Pvt Ltd,2024-12-21,Consultancy Fees,4,29698.12,0.0,Debit,Cash,Without GST,Expense
8021a85e,XYZ Ltd,2025-04-19,Software Purchase,5,41703.86,7506.69,Debit,Cash,Reimbursed,Expense
a96f6a79,Omega Inc,2025-07-31,Office Supplies,1,25952.65,0.0,Debit,Cash,Without GST,Expense
7ec9b5e3,ABC Corp,2025-01-30,Maintenance,6,1875.92,0.0,Credit,Credit Card,Includes GST,Income
abd2379e,Omega Inc,2025-02-05,Salary,3,2200.65,396.12,Debit,Bank Transfer,Reimbursed,Expense
efab9212,PQR Enterprises,2024-11-13,Office Supplies,1,24871.6,4476.89,Debit,Bank Transfer,Part payment,Expense
69d3741a,Omega Inc,2024-11-24,Consultancy Fees,4,44076.09,0.0,Credit,Cash,Final settlement,Income
9e04a648,Delta Co,2024-08-24,Consultancy Fees,4,13089.78,2356.16,Credit,Cash,Final settlement,Income
8f37324a,Delta Co,2024-09-11,Salary,3,30687.56,0.0,Debit,Cheque,Final settlement,Expense
7a01e984,XYZ Ltd,2025-08-05,Software Purchase,5,20729.21,3731.26,Debit,Cheque,Without GST,Expense
38c79dc6,XYZ Ltd,2025-06-01,Maintenance,6,30597.23,5507.5,Debit,UPI,Part payment,Expense
a07f6e34,XYZ Ltd,2024-09-24,Maintenance,6,24206.15,4357.11,Credit,Cash,Without GST,Income
ea8ffcaf,XYZ Ltd,2025-07-07,Office Supplies,1,27150.02,4887.0,Debit,Cash,Urgent payment,Expense
03e73856,Omega Inc,2024-12-02,Maintenance,6,4927.59,886.97,Credit,Credit Card,Includes GST,Income
ce358315,Delta Co,2025-05-30,Maintenance,6,7686.35,1383.54,Credit,Cash,Final settlement,Income
0939d26f,ABC Corp,2025-01-01,Consultancy Fees,4,29807.22,0.0,Debit,Cash,Includes GST,Expense
020a7b16,XYZ Ltd,2025-07-13,Office Supplies,1,14706.48,0.0,Credit,Cheque,Payment processed successfully,Income
48339bba,Omega Inc,2025-07-04,Maintenance,6,26209.43,0.0,Credit,Bank Transfer,Urgent payment,Income
74866fbc,LMN Pvt Ltd,2025-03-31,Maintenance,6,17241.07,0.0,Credit,Cheque,Includes GST,Income
74298270,PQR Enterprises,2024-10-22,Software Purchase,5,48975.57,8815.6,Debit,Cheque,Includes GST,Expense
34c7b34d,LMN Pvt Ltd,2024-12-03,Consultancy Fees,4,46822.24,8428.0,Debit,Cash,Without GST,Expense
a68c55b0,LMN Pvt Ltd,2025-05-22,Software Purchase,5,34460.16,6202.83,Debit,Credit Card,Payment processed successfully,Expense
dcfddf01,PQR Enterprises,2024-08-31,Travel Expenses,2,14370.87,2586.76,Debit,UPI,Payment processed successfully,Expense
31388bec,ABC Corp,2025-07-10,Travel Expenses,2,26094.08,4696.93,Credit,Bank Transfer,Includes GST,Income
acc2c183,PQR Enterprises,2025-03-20,Salary,3,22132.57,3983.86,Debit,Bank Transfer,Payment processed successfully,Expense
5bd179a6,LMN Pvt Ltd,2025-05-15,Travel Expenses,2,25978.32,4676.1,Debit,Credit Card,Pending approval,Expense
4a381d40,ABC Corp,2024-08-18,Salary,3,38429.15,6917.25,Credit,Credit Card,Payment processed successfully,Income
926e46b0,PQR Enterprises,2025-05-24,Travel Expenses,2,26206.12,4717.1,Credit,UPI,Final settlement,Income
c8d1dfc8,XYZ Ltd,2024-08-27,Salary,3,8755.91,1576.06,Credit,Cheque,Final settlement,Income
4faf83a7,XYZ Ltd,2025-02-08,Consultancy Fees,4,37879.54,6818.32,Credit,Bank Transfer,Without GST,Income
7ed124af,XYZ Ltd,2025-02-13,Salary,3,28289.8,5092.16,Debit,Credit Card,Includes GST,Expense
7b54d20f,XYZ Ltd,2024-11-27,Software Purchase,5,10350.98,1863.18,Debit,Bank Transfer,Includes GST,Expense
50abf5f8,ABC Corp,2025-01-03,Salary,3,27208.87,0.0,Credit,Bank Transfer,Part payment,Income
ff3b9305,Omega Inc,2025-05-03,Maintenance,6,38226.73,6880.81,Debit,UPI,Urgent payment,Expense
161cab6f,Delta Co,2025-08-07,Consultancy Fees,4,30680.92,5522.57,Debit,Cheque,Final settlement,Expense
6d47fa5a,ABC Corp,2024-12-11,Salary,3,41003.79,7380.68,Credit,Bank Transfer,Reimbursed,Income
bc1fa345,LMN Pvt Ltd,2025-06-29,Consultancy Fees,4,26744.06,0.0,Debit,Credit Card,Part payment,Expense
5ac63315,PQR Enterprises,2025-07-04,Office Supplies,1,45742.11,8233.58,Credit,Credit Card,Without GST,Income
50988ffc,Omega Inc,2024-09-21,Software Purchase,5,35135.18,6324.33,Debit,Bank Transfer,Advance cleared,Expense
e33d003d,ABC Corp,2024-11-11,Travel Expenses,2,44805.12,8064.92,Credit,UPI,Advance cleared,Income
22fabebd,LMN Pvt Ltd,2025-07-08,Maintenance,6,24603.05,0.0,Debit,Cheque,Without GST,Expense
61c9dfe0,Omega Inc,2025-05-14,Software Purchase,5,19379.03,0.0,Debit,UPI,Urgent payment,Expense
0af36cb9,PQR Enterprises,2024-12-22,Maintenance,6,6739.19,1213.05,Credit,Bank Transfer,Reimbursed,Income
7f62412e,Delta Co,2025-01-12,Office Supplies,1,34377.33,0.0,Credit,Cheque,Reimbursed,Income
a717025f,Omega Inc,2025-05-09,Office Supplies,1,35780.98,6440.58,Credit,UPI,Pending approval,Income
6c2e5581,XYZ Ltd,2025-03-02,Consultancy Fees,4,35736.3,6432.53,Credit,Cash,Reimbursed,Income
38869744,Omega Inc,2024-08-24,Consultancy Fees,4,7667.72,1380.19,Debit,Credit Card,Urgent payment,Expense
ddb82909,LMN Pvt Ltd,2024-09-22,Consultancy Fees,4,49350.23,8883.04,Debit,Cheque,Advance cleared,Expense
cc3184f6,Delta Co,2024-08-19,Maintenance,6,42092.29,7576.61,Debit,Credit Card,Pending approval,Expense
226382f7,PQR Enterprises,2024-11-10,Salary,3,28616.95,5151.05,Credit,Credit Card,Includes GST,Income
0ad028f6,XYZ Ltd,2025-03-29,Salary,3,37111.0,6679.98,Credit,Credit Card,Pending approval,Income
a04e9af8,PQR Enterprises,2024-09-15,Consultancy Fees,4,42435.07,0.0,Debit,Bank Transfer,Urgent payment,Expense
9d5635b8,LMN Pvt Ltd,2024-09-06,Travel Expenses,2,10936.65,1968.6,Credit,UPI,Pending approval,Income
2bcedf82,XYZ Ltd,2024-12-16,Travel Expenses,2,42151.54,7587.28,Credit,Credit Card,Includes GST,Income
b4ec53b4,ABC Corp,2024-11-19,Office Supplies,1,25926.38,4666.75,Debit,Cheque,Urgent payment,Expense
7a6cd255,LMN Pvt Ltd,2024-10-20,Travel Expenses,2,22101.84,0.0,Credit,Cheque,Without GST,Income
a61fb155,XYZ Ltd,2024-11-18,Maintenance,6,32081.62,5774.69,Debit,UPI,Urgent payment,Expense
91a7df69,Omega Inc,2025-02-13,Maintenance,6,39660.23,7138.84,Credit,Credit Card,Reimbursed,Income
64ac8b4b,Omega Inc,2024-09-08,Travel Expenses,2,33495.83,6029.25,Debit,Credit Card,Part payment,Expense
48608297,XYZ Ltd,2025-06-27,Maintenance,6,35594.53,6407.02,Debit,UPI,Payment processed successfully,Expense
5c1d6a68,ABC Corp,2025-03-11,Office Supplies,1,12279.33,2210.28,Debit,Bank Transfer,Advance cleared,Expense
21e67cbc,Delta Co,2025-04-30,Travel Expenses,2,27481.6,4946.69,Credit,Cheque,Final settlement,Income
2a84982b,PQR Enterprises,2024-09-29,Consultancy Fees,4,21038.45,0.0,Credit,Cash,Urgent payment,Income
dbac29fc,Delta Co,2025-06-12,Maintenance,6,16616.67,2991.0,Debit,UPI,Includes GST,Expense
f17e9011,Delta Co,2024-11-22,Office Supplies,1,36138.36,0.0,Credit,Bank Transfer,Pending approval,Income
0058ad21,PQR Enterprises,2025-06-23,Travel Expenses,2,24233.51,4362.03,Debit,Cheque,Without GST,Expense
b48457b3,Omega Inc,2025-07-07,Office Supplies,1,12050.12,2169.02,Debit,Cash,Payment processed successfully,Expense
91a955f6,LMN Pvt Ltd,2025-05-30,Salary,3,39989.58,7198.12,Credit,Bank Transfer,Payment processed successfully,Income
31c497a2,LMN Pvt Ltd,2024-08-30,Maintenance,6,19297.08,3473.47,Credit,Cash,Final settlement,Income
0ec43fe0,Omega Inc,2024-09-01,Travel Expenses,2,21476.46,3865.76,Credit,Cash,Payment processed successfully,Income
6120ff2d,XYZ Ltd,2025-02-13,Salary,3,31671.39,5700.85,Debit,Cash,Reimbursed,Expense
90a55af9,PQR Enterprises,2025-05-27,Consultancy Fees,4,25219.92,4539.59,Credit,Cheque,Pending approval,Income
1e30bf50,PQR Enterprises,2025-07-27,Software Purchase,5,47026.45,8464.76,Credit,Bank Transfer,Part payment,Income
1918f05e,LMN Pvt Ltd,2025-06-23,Consultancy Fees,4,35321.24,6357.82,Debit,Bank Transfer,Advance cleared,Expense
9962b83c,Delta Co,2025-06-16,Software Purchase,5,24653.52,4437.63,Debit,Cash,Advance cleared,Expense
c67f5490,LMN Pvt Ltd,2024-08-29,Travel Expenses,2,46685.38,8403.37,Credit,Cheque,Reimbursed,Income
575717ec,XYZ Ltd,2025-05-27,Software Purchase,5,25163.47,4529.42,Debit,Cash,Advance cleared,Expense
13cd9676,Delta Co,2024-12-01,Software Purchase,5,44421.73,7995.91,Debit,Bank Transfer,Final settlement,Expense
459eabfa,PQR Enterprises,2025-06-25,Consultancy Fees,4,23920.4,4305.67,Debit,Cheque,Reimbursed,Expense
23f976e0,XYZ Ltd,2025-08-01,Travel Expenses,2,21782.33,3920.82,Debit,Bank Transfer,Reimbursed,Expense
627238f4,Delta Co,2024-12-16,Travel Expenses,2,16708.91,3007.6,Debit,Cash,Without GST,Expense
c9b20af4,Delta Co,2024-12-31,Maintenance,6,45274.49,8149.41,Debit,Cash,Pending approval,Expense
ed35101e,ABC Corp,2025-05-12,Office Supplies,1,48265.17,8687.73,Credit,Cash,Pending approval,Income
9ca2b5fb,PQR Enterprises,2024-10-05,Office Supplies,1,44449.64,0.0,Debit,Bank Transfer,Urgent payment,Expense
66b4fa39,ABC Corp,2025-02-17,Consultancy Fees,4,2463.34,443.4,Debit,UPI,Without GST,Expense
63c4f826,XYZ Ltd,2024-09-03,Office Supplies,1,47775.67,8599.62,Credit,Bank Transfer,Without GST,Income
f70b3897,PQR Enterprises,2024-12-04,Software Purchase,5,33413.32,6014.4,Credit,Cheque,Part payment,Income
de899b56,Omega Inc,2025-02-09,Travel Expenses,2,31693.97,5704.91,Debit,Bank Transfer,Reimbursed,Expense
798d554e,PQR Enterprises,2025-05-14,Software Purchase,5,46329.39,0.0,Credit,Bank Transfer,Pending approval,Income
264f56e1,LMN Pvt Ltd,2025-06-22,Maintenance,6,13741.53,0.0,Credit,Bank Transfer,Reimbursed,Income
47d0f467,ABC Corp,2025-04-16,Salary,3,21572.14,0.0,Debit,Cheque,Reimbursed,Expense
f98ece00,LMN Pvt Ltd,2025-07-26,Office Supplies,1,43936.54,0.0,Credit,UPI,Advance cleared,Income
9879122a,Delta Co,2024-12-03,Maintenance,6,46379.9,8348.38,Debit,Cheque,Part payment,Expense
c55fb9c5,LMN Pvt Ltd,2025-05-15,Travel Expenses,2,35465.57,6383.8,Debit,Credit Card,Reimbursed,Expense
9fe23d69,PQR Enterprises,2025-06-19,Travel Expenses,2,49859.22,8974.66,Credit,UPI,Pending approval,Income
00dd0c04,XYZ Ltd,2025-06-24,Office Supplies,1,41229.92,7421.39,Credit,UPI,Advance cleared,Income
9a48bd4f,XYZ Ltd,2025-03-05,Software Purchase,5,17515.28,3152.75,Credit,Bank Transfer,Without GST,Income
41ce9136,LMN Pvt Ltd,2024-11-26,Consultancy Fees,4,13073.22,2353.18,Debit,Credit Card,Advance cleared,Expense
a9fef18b,XYZ Ltd,2025-02-11,Consultancy Fees,4,32808.14,5905.47,Credit,Cheque,Urgent payment,Income
5e6a5ce2,XYZ Ltd,2025-05-28,Office Supplies,1,9843.57,1771.84,Credit,Cash,Advance cleared,Income
5657803c,Omega Inc,2024-11-23,Software Purchase,5,39957.88,7192.42,Credit,UPI,Advance cleared,Income
38434c70,LMN Pvt Ltd,2024-09-23,Travel Expenses,2,43935.09,7908.32,Credit,Cheque,Pending approval,Income
cca59f27,XYZ Ltd,2025-08-08,Consultancy Fees,4,20931.1,3767.6,Debit,Bank Transfer,Final settlement,Expense
3d74f7e2,ABC Corp,2025-05-28,Maintenance,6,1873.56,337.24,Credit,Cheque,Without GST,Income
e9658419,Delta Co,2024-09-09,Travel Expenses,2,29119.02,5241.42,Debit,Bank Transfer,Reimbursed,Expense
bb48d801,LMN Pvt Ltd,2024-12-24,Maintenance,6,2907.36,523.32,Credit,Cheque,Advance cleared,Income
6be8ca42,XYZ Ltd,2024-09-12,Salary,3,9020.77,1623.74,Credit,Credit Card,Final settlement,Income
ef329a7a,Omega Inc,2024-08-19,Maintenance,6,10347.95,1862.63,Debit,Credit Card,Part payment,Expense
fdc767b6,Omega Inc,2025-07-02,Consultancy Fees,4,30711.59,5528.09,Debit,UPI,Payment processed successfully,Expense
999c72a2,PQR Enterprises,2024-09-07,Software Purchase,5,23036.54,4146.58,Credit,Cash,Payment processed successfully,Income
aeb0844c,Omega Inc,2025-07-28,Software Purchase,5,47791.71,8602.51,Debit,Cash,Final settlement,Expense
0394da2f,PQR Enterprises,2025-08-06,Travel Expenses,2,30299.24,5453.86,Credit,Bank Transfer,Payment processed successfully,Income
47e647a2,ABC Corp,2024-10-17,Consultancy Fees,4,2276.87,409.84,Credit,Credit Card,Pending approval,Income
c2f29f3b,Omega Inc,2025-06-26,Travel Expenses,2,16574.07,2983.33,Credit,Credit Card,Without GST,Income
a5ec347d,Omega Inc,2024-11-08,Office Supplies,1,43468.7,7824.37,Credit,Bank Transfer,Advance cleared,Income
8e9f3884,ABC Corp,2024-11-26,Office Supplies,1,45742.72,8233.69,Debit,Credit Card,Final settlement,Expense
53b01772,PQR Enterprises,2024-12-18,Salary,3,19442.64,0.0,Credit,UPI,Final settlement,Income
4d222f6c,PQR Enterprises,2025-03-24,Travel Expenses,2,48729.76,0.0,Credit,Bank Transfer,Payment processed successfully,Income
f13d015a,ABC Corp,2025-01-12,Consultancy Fees,4,28985.81,5217.45,Debit,UPI,Payment processed successfully,Expense
f631a9d4,LMN Pvt Ltd,2024-08-15,Salary,3,5447.86,980.61,Credit,Bank Transfer,Payment processed successfully,Income
a47e2881,LMN Pvt Ltd,2024-11-25,Travel Expenses,2,43780.6,7880.51,Credit,UPI,Reimbursed,Income
5a364afa,LMN Pvt Ltd,2025-06-08,Software Purchase,5,6780.17,0.0,Debit,UPI,Reimbursed,Expense
0dd0f758,Delta Co,2024-10-22,Salary,3,40495.25,7289.14,Debit,Cash,Payment processed successfully,Expense
35f64788,ABC Corp,2025-05-21,Maintenance,6,46360.15,8344.83,Debit,Credit Card,Reimbursed,Expense
c489a7eb,LMN Pvt Ltd,2025-06-03,Consultancy Fees,4,23233.3,4181.99,Debit,Cheque,Advance cleared,Expense
12570317,Delta Co,2025-07-20,Software Purchase,5,44628.74,0.0,Debit,Cash,Part payment,Expense
08a6c7d6,Omega Inc,2025-07-13,Salary,3,8891.28,1600.43,Debit,Credit Card,Includes GST,Expense
1c03bda5,PQR Enterprises,2024-11-20,Software Purchase,5,32937.26,5928.71,Debit,Cash,Part payment,Expense
a7f547db,XYZ Ltd,2025-04-28,Software Purchase,5,19332.91,3479.92,Debit,UPI,Without GST,Expense
f40cfd79,Delta Co,2024-12-15,Office Supplies,1,16859.63,3034.73,Debit,Cheque,Advance cleared,Expense
eddcdde7,PQR Enterprises,2025-08-11,Maintenance,6,42211.41,7598.05,Credit,Cheque,Pending approval,Income
3b9e97e2,LMN Pvt Ltd,2024-10-05,Maintenance,6,43021.76,7743.92,Debit,UPI,Final settlement,Expense
13f7562f,XYZ Ltd,2024-12-12,Software Purchase,5,2077.87,374.02,Credit,Credit Card,Without GST,Income
3c10872d,LMN Pvt Ltd,2024-12-15,Consultancy Fees,4,27218.24,4899.28,Credit,Credit Card,Part payment,Income
127a4e06,LMN Pvt Ltd,2024-08-19,Maintenance,6,46708.66,0.0,Credit,UPI,Payment processed successfully,Income
6b8f41c5,ABC Corp,2024-10-12,Salary,3,31268.39,5628.31,Credit,Bank Transfer,Final settlement,Income
508c0d98,PQR Enterprises,2024-11-17,Consultancy Fees,4,2852.31,513.42,Credit,Bank Transfer,Pending approval,Income
e59fd728,LMN Pvt Ltd,2025-01-23,Office Supplies,1,28771.1,0.0,Debit,Cheque,Advance cleared,Expense
89c9db40,Delta Co,2025-01-29,Salary,3,2147.46,386.54,Credit,Cash,Reimbursed,Income
5f3a6430,PQR Enterprises,2024-12-13,Office Supplies,1,16952.98,3051.54,Credit,UPI,Urgent payment,Income
82de17f6,ABC Corp,2025-05-24,Salary,3,27715.28,4988.75,Debit,Credit Card,Without GST,Expense
136f834e,Omega Inc,2025-02-22,Software Purchase,5,38841.73,6991.51,Credit,UPI,Advance cleared,Income
cf282880,LMN Pvt Ltd,2025-05-30,Travel Expenses,2,17716.7,3189.01,Credit,Bank Transfer,Includes GST,Income
ff4f7db5,Omega Inc,2025-02-14,Consultancy Fees,4,2150.88,387.16,Debit,Bank Transfer,Includes GST,Expense
f0247b32,LMN Pvt Ltd,2024-10-18,Salary,3,29913.41,5384.41,Debit,Cheque,Final settlement,Expense
a19a6699,LMN Pvt Ltd,2025-07-17,Office Supplies,1,40292.92,7252.73,Debit,Credit Card,Urgent payment,Expense
e6605c18,Omega Inc,2025-03-14,Office Supplies,1,12796.87,2303.44,Debit,Cheque,Reimbursed,Expense
f4f7cfe6,LMN Pvt Ltd,2025-01-30,Software Purchase,5,17494.0,0.0,Credit,Cheque,Urgent payment,Income
e8538742,ABC Corp,2025-04-10,Office Supplies,1,26943.69,4849.86,Credit,UPI,Reimbursed,Income
c3f1dc4d,Omega Inc,2025-02-27,Maintenance,6,49134.32,8844.18,Credit,Credit Card,Pending approval,Income
be600bb1,ABC Corp,2025-07-02,Travel Expenses,2,43304.26,7794.77,Credit,Credit Card,Reimbursed,Income
3eb68a83,ABC Corp,2025-03-19,Software Purchase,5,23321.1,4197.8,Debit,Bank Transfer,Urgent payment,Expense
003ac818,Omega Inc,2024-12-15,Consultancy Fees,4,13297.95,2393.63,Debit,Credit Card,Part payment,Expense
6fe9a265,XYZ Ltd,2025-06-16,Maintenance,6,38829.91,6989.38,Debit,Credit Card,Reimbursed,Expense
30dd83b8,Omega Inc,2024-08-28,Salary,3,14175.83,0.0,Debit,Bank Transfer,Includes GST,Expense
4ad4a2e7,Omega Inc,2025-02-17,Software Purchase,5,11238.49,2022.93,Credit,UPI,Final settlement,Income
9d238008,XYZ Ltd,2024-08-25,Consultancy Fees,4,23280.74,0.0,Credit,Bank Transfer,Without GST,Income
5c366500,PQR Enterprises,2025-03-25,Maintenance,6,7964.73,0.0,Debit,Cash,Includes GST,Expense
846cdb88,Omega Inc,2024-09-06,Consultancy Fees,4,27752.25,4995.4,Credit,Bank Transfer,Without GST,Income
b7fed057,LMN Pvt Ltd,2024-08-29,Office Supplies,1,37575.13,6763.52,Credit,Credit Card,Urgent payment,Income
5ebabb5c,Omega Inc,2024-12-31,Office Supplies,1,46703.65,0.0,Debit,Bank Transfer,Advance cleared,Expense
1cb6dc37,LMN Pvt Ltd,2024-12-06,Office Supplies,1,47423.94,0.0,Debit,Cash,Urgent payment,Expense
b88ba30e,Omega Inc,2025-02-27,Office Supplies,1,13031.16,2345.61,Debit,Cash,Pending approval,Expense
2acc1c0b,LMN Pvt Ltd,2024-09-07,Consultancy Fees,4,18581.4,3344.65,Credit,Cheque,Without GST,Income
47a4c7c3,Delta Co,2025-03-12,Consultancy Fees,4,4190.27,754.25,Debit,UPI,Urgent payment,Expense
06aa5fc5,PQR Enterprises,2025-01-08,Consultancy Fees,4,20340.98,3661.38,Credit,Credit Card,Urgent payment,Income
465a8629,PQR Enterprises,2025-03-25,Maintenance,6,13695.52,2465.19,Credit,Cash,Payment processed successfully,Income
3082ac21,XYZ Ltd,2025-03-20,Travel Expenses,2,1378.36,248.1,Debit,Cheque,Advance cleared,Expense
605d7c73,XYZ Ltd,2025-06-06,Software Purchase,5,19093.15,3436.77,Credit,Cash,Reimbursed,Income
84b2f0a2,PQR Enterprises,2025-02-16,Software Purchase,5,10402.95,1872.53,Credit,Cheque,Pending approval,Income
50865236,Delta Co,2025-01-15,Consultancy Fees,4,22265.77,4007.84,Credit,UPI,Pending approval,Income
c7a8702e,Delta Co,2024-11-04,Software Purchase,5,3047.65,548.58,Debit,Bank Transfer,Advance cleared,Expense
721f88e8,ABC Corp,2025-07-11,Software Purchase,5,7011.48,1262.07,Credit,UPI,Payment processed successfully,Income
ab71063e,Delta Co,2025-07-13,Travel Expenses,2,49253.64,8865.66,Credit,Credit Card,Pending approval,Income
d3c7d8f2,Omega Inc,2024-12-16,Office Supplies,1,15833.33,2850.0,Debit,Cash,Part payment,Expense
a19e5aad,XYZ Ltd,2024-12-26,Maintenance,6,47034.67,8466.24,Credit,Cash,Reimbursed,Income
a12d65a1,LMN Pvt Ltd,2025-03-10,Salary,3,30886.07,5559.49,Credit,Bank Transfer,Urgent payment,Income
225e4884,ABC Corp,2024-12-07,Consultancy Fees,4,26603.12,0.0,Credit,Cheque,Urgent payment,Income
39348b12,Delta Co,2025-08-08,Office Supplies,1,41621.39,7491.85,Credit,Cash,Includes GST,Income
d9e504d6,Delta Co,2024-10-05,Salary,3,23677.56,0.0,Debit,Cheque,Without GST,Expense
b58f548a,Delta Co,2024-10-08,Consultancy Fees,4,8256.39,1486.15,Debit,Cash,Payment processed successfully,Expense
517d0a13,Delta Co,2025-08-03,Travel Expenses,2,47696.82,8585.43,Credit,Cheque,Part payment,Income
1a4de5c7,XYZ Ltd,2024-10-08,Maintenance,6,25588.04,4605.85,Debit,Cash,Includes GST,Expense
6365e868,PQR Enterprises,2025-05-08,Office Supplies,1,13346.25,2402.32,Credit,UPI,Part payment,Income
1156bb29,Omega Inc,2025-01-11,Travel Expenses,2,12198.56,2195.74,Credit,Cheque,Urgent payment,Income
14604a88,Delta Co,2025-05-21,Travel Expenses,2,15634.32,0.0,Debit,Cheque,Payment processed successfully,Expense
fc13f3f6,ABC Corp,2024-09-28,Salary,3,12865.41,2315.77,Debit,Cash,Pending approval,Expense
7a88fa03,XYZ Ltd,2024-12-08,Travel Expenses,2,15902.85,2862.51,Debit,Bank Transfer,Urgent payment,Expense
1484717c,ABC Corp,2025-01-27,Maintenance,6,15134.63,2724.23,Debit,Cheque,Includes GST,Expense
7039128c,XYZ Ltd,2024-10-28,Consultancy Fees,4,5751.73,1035.31,Debit,Credit Card,Pending approval,Expense
4ea89abc,ABC Corp,2025-04-17,Maintenance,6,25303.03,4554.55,Credit,Cash,Reimbursed,Income
9568ec97,Omega Inc,2025-02-16,Maintenance,6,9895.31,1781.16,Credit,UPI,Part payment,Income
2c9db168,ABC Corp,2025-07-22,Maintenance,6,40572.16,0.0,Debit,Cash,Part payment,Expense
c20a5c09,Delta Co,2024-10-05,Software Purchase,5,28514.16,5132.55,Debit,Bank Transfer,Advance cleared,Expense
31e445e2,PQR Enterprises,2025-01-18,Office Supplies,1,9723.48,1750.23,Credit,UPI,Without GST,Income
1b294dc2,ABC Corp,2024-10-21,Travel Expenses,2,32897.65,5921.58,Debit,Credit Card,Reimbursed,Expense
399a0da2,Delta Co,2024-08-25,Travel Expenses,2,32164.1,0.0,Debit,Credit Card,Urgent payment,Expense
f6f94a69,PQR Enterprises,2024-11-14,Software Purchase,5,16878.89,3038.2,Debit,Bank Transfer,Part payment,Expense
52027878,Delta Co,2024-11-11,Maintenance,6,15970.78,0.0,Credit,Credit Card,Without GST,Income
8e6fb0d3,XYZ Ltd,2025-03-19,Travel Expenses,2,33333.78,6000.08,Credit,Cheque,Pending approval,Income
0a7a500a,XYZ Ltd,2024-08-29,Consultancy Fees,4,39827.29,7168.91,Debit,Credit Card,Without GST,Expense
8b3df840,XYZ Ltd,2025-04-22,Maintenance,6,31043.5,5587.83,Credit,Bank Transfer,Part payment,Income
ed8d7382,Omega Inc,2025-03-29,Salary,3,9563.49,1721.43,Credit,Cheque,Payment processed successfully,Income
908a5292,XYZ Ltd,2025-07-24,Software Purchase,5,34755.58,6256.0,Credit,UPI,Final settlement,Income
46179715,ABC Corp,2025-07-12,Travel Expenses,2,13547.31,2438.52,Debit,Credit Card,Without GST,Expense
935f6acd,ABC Corp,2024-12-27,Salary,3,25018.29,4503.29,Credit,Bank Transfer,Advance cleared,Income
23b675fa,LMN Pvt Ltd,2024-10-29,Maintenance,6,26080.65,4694.52,Debit,Cheque,Reimbursed,Expense
7f844a99,PQR Enterprises,2025-03-03,Software Purchase,5,40821.34,7347.84,Credit,Credit Card,Includes GST,Income
6fe24fff,Delta Co,2024-12-20,Salary,3,6614.89,0.0,Credit,Bank Transfer,Advance cleared,Income
3fd5c28e,Delta Co,2025-02-26,Office Supplies,1,44026.28,7924.73,Credit,Cash,Reimbursed,Income
baa454ce,LMN Pvt Ltd,2025-04-19,Salary,3,18455.76,3322.04,Credit,Cheque,Part payment,Income
1eb77d4d,Delta Co,2025-04-25,Travel Expenses,2,37712.31,0.0,Debit,Cheque,Payment processed successfully,Expense
a588342a,Delta Co,2025-02-15,Maintenance,6,1989.93,358.19,Credit,UPI,Advance cleared,Income
5c40bd82,ABC Corp,2025-01-25,Office Supplies,1,27626.53,4972.78,Debit,Credit Card,Reimbursed,Expense
2898d9fe,ABC Corp,2025-07-03,Salary,3,19653.89,3537.7,Debit,Cheque,Reimbursed,Expense
912e25f5,PQR Enterprises,2025-01-08,Software Purchase,5,40402.73,7272.49,Debit,Credit Card,Advance cleared,Expense
5b0227f2,ABC Corp,2024-10-22,Maintenance,6,44838.83,8070.99,Debit,Credit Card,Payment processed successfully,Expense
6d2e63bb,Delta Co,2025-06-16,Software Purchase,5,42013.24,7562.38,Debit,Cheque,Includes GST,Expense
147fe2d2,PQR Enterprises,2024-09-21,Software Purchase,5,2780.59,500.51,Credit,UPI,Reimbursed,Income
4ad91a77,Delta Co,2025-05-14,Salary,3,24136.17,4344.51,Credit,Cash,Includes GST,Income
ee09b7b7,Delta Co,2025-08-01,Maintenance,6,10425.09,0.0,Credit,Cash,Advance cleared,Income
c16664eb,ABC Corp,2024-11-07,Software Purchase,5,48192.29,0.0,Credit,Credit Card,Without GST,Income
9a474731,XYZ Ltd,2024-11-02,Maintenance,6,19648.34,3536.7,Credit,Credit Card,Final settlement,Income
a356cd4f,ABC Corp,2024-09-15,Consultancy Fees,4,21260.22,3826.84,Debit,UPI,Advance cleared,Expense
5d1c4bea,PQR Enterprises,2024-11-11,Consultancy Fees,4,33672.9,6061.12,Debit,Bank Transfer,Includes GST,Expense
ebd4f8e6,LMN Pvt Ltd,2025-04-29,Maintenance,6,1566.84,282.03,Credit,Bank Transfer,Advance cleared,Income
bb2f5a29,ABC Corp,2025-07-08,Office Supplies,1,19080.28,3434.45,Credit,Credit Card,Part payment,Income
8b166d43,ABC Corp,2025-05-29,Office Supplies,1,39741.95,7153.55,Credit,Bank Transfer,Part payment,Income
9ccb9ebc,Delta Co,2025-04-28,Consultancy Fees,4,1641.18,0.0,Debit,Bank Transfer,Includes GST,Expense
57d91ca9,LMN Pvt Ltd,2025-06-27,Office Supplies,1,49614.68,0.0,Debit,Bank Transfer,Includes GST,Expense
ccbd10b2,ABC Corp,2025-05-24,Maintenance,6,3357.86,604.41,Credit,UPI,Final settlement,Income
3b6025b7,ABC Corp,2025-03-17,Consultancy Fees,4,36328.68,6539.16,Credit,Cash,Final settlement,Income
9ff9aabf,ABC Corp,2025-06-02,Travel Expenses,2,8553.35,0.0,Credit,Cash,Without GST,Income
db2613c3,LMN Pvt Ltd,2024-12-30,Office Supplies,1,17187.49,0.0,Debit,Bank Transfer,Includes GST,Expense
85bc8df3,Delta Co,2025-05-30,Travel Expenses,2,23927.29,0.0,Debit,Cheque,Final settlement,Expense
a4ca04aa,Delta Co,2025-03-28,Office Supplies,1,43802.19,7884.39,Credit,Cash,Part payment,Income
ff3941fa,Delta Co,2025-05-27,Consultancy Fees,4,30570.82,5502.75,Debit,Bank Transfer,Advance cleared,Expense
845c37bd,ABC Corp,2025-01-16,Consultancy Fees,4,31569.16,5682.45,Debit,Cheque,Part payment,Expense
66795c31,XYZ Ltd,2024-11-26,Travel Expenses,2,38141.03,6865.39,Debit,UPI,Without GST,Expense
4416bf56,Omega Inc,2025-07-26,Travel Expenses,2,2740.79,493.34,Credit,Credit Card,Urgent payment,Income
284f12cd,PQR Enterprises,2024-09-03,Software Purchase,5,9586.3,1725.53,Credit,Cheque,Reimbursed,Income
702a7bb6,Delta Co,2024-12-16,Software Purchase,5,9017.96,1623.23,Credit,Cheque,Reimbursed,Income
ab038f4b,Omega Inc,2024-12-21,Salary,3,49842.96,8971.73,Debit,UPI,Reimbursed,Expense
a93d02c4,Delta Co,2025-07-03,Travel Expenses,2,22925.11,4126.52,Debit,Cash,Without GST,Expense
af3a5639,ABC Corp,2025-07-22,Consultancy Fees,4,19554.62,3519.83,Debit,Bank Transfer,Includes GST,Expense
5a766a31,PQR Enterprises,2024-09-18,Maintenance,6,8457.97,1522.43,Debit,Bank Transfer,Reimbursed,Expense
af669e12,Delta Co,2025-07-02,Software Purchase,5,19653.48,0.0,Credit,UPI,Pending approval,Income
3157e883,LMN Pvt Ltd,2025-08-05,Travel Expenses,2,27515.13,4952.72,Credit,Cheque,Includes GST,Income
ca3780e5,PQR Enterprises,2024-12-23,Salary,3,38287.15,6891.69,Credit,Cheque,Reimbursed,Income
52789a31,PQR Enterprises,2025-07-13,Office Supplies,1,17108.76,3079.58,Credit,Cheque,Pending approval,Income
428f6f3a,Delta Co,2025-07-23,Consultancy Fees,4,27223.34,0.0,Debit,Credit Card,Without GST,Expense
e47ac925,LMN Pvt Ltd,2025-03-25,Consultancy Fees,4,11668.98,2100.42,Debit,Credit Card,Includes GST,Expense
f03f5e11,XYZ Ltd,2024-12-29,Software Purchase,5,44882.8,8078.9,Debit,UPI,Reimbursed,Expense
a3ad5feb,XYZ Ltd,2025-05-10,Office Supplies,1,32271.9,5808.94,Debit,Cheque,Pending approval,Expense
791946c0,XYZ Ltd,2025-03-22,Maintenance,6,41860.54,7534.9,Credit,Credit Card,Pending approval,Income
978d7c24,XYZ Ltd,2025-03-26,Travel Expenses,2,1010.72,0.0,Debit,Cash,Includes GST,Expense
aff28041,Omega Inc,2025-07-27,Office Supplies,1,18778.04,3380.05,Debit,UPI,Without GST,Expense
ebea3b37,PQR Enterprises,2024-09-07,Software Purchase,5,26190.04,4714.21,Credit,Bank Transfer,Final settlement,Income
3c303656,LMN Pvt Ltd,2025-02-28,Travel Expenses,2,13397.16,2411.49,Credit,Cheque,Urgent payment,Income
32309ca8,Omega Inc,2024-12-09,Software Purchase,5,35731.35,6431.64,Debit,Cheque,Payment processed successfully,Expense
56d4344d,ABC Corp,2025-05-14,Consultancy Fees,4,26428.36,4757.1,Debit,Credit Card,Includes GST,Expense
eb2b0e0b,PQR Enterprises,2025-01-02,Software Purchase,5,34373.77,6187.28,Credit,Credit Card,Without GST,Income
fc426862,XYZ Ltd,2025-07-17,Travel Expenses,2,34166.87,6150.04,Credit,Bank Transfer,Urgent payment,Income
2196176d,LMN Pvt Ltd,2025-08-04,Salary,3,1380.86,248.55,Debit,Credit Card,Urgent payment,Expense
5ec7e6f0,LMN Pvt Ltd,2025-07-03,Salary,3,14348.2,0.0,Credit,Cash,Payment processed successfully,Income
48696656,PQR Enterprises,2025-07-09,Consultancy Fees,4,4975.87,895.66,Credit,Bank Transfer,Without GST,Income
944e69c4,Omega Inc,2025-06-19,Consultancy Fees,4,27205.3,4896.95,Credit,Cheque,Payment processed successfully,Income
418ae7d1,ABC Corp,2024-09-29,Maintenance,6,44053.11,7929.56,Credit,UPI,Payment processed successfully,Income
649e6653,Omega Inc,2025-05-25,Salary,3,4442.15,799.59,Credit,Credit Card,Reimbursed,Income
55ca903a,PQR Enterprises,2025-05-10,Consultancy Fees,4,33245.65,5984.22,Debit,Cheque,Advance cleared,Expense
6db48f73,ABC Corp,2025-08-08,Software Purchase,5,18439.09,3319.04,Debit,UPI,Pending approval,Expense
67a1629b,ABC Corp,2025-03-18,Salary,3,32546.27,5858.33,Debit,Credit Card,Payment processed successfully,Expense
1d9779b6,Delta Co,2025-03-10,Travel Expenses,2,30371.45,5466.86,Credit,Cheque,Urgent payment,Income
f42f3878,PQR Enterprises,2024-10-21,Maintenance,6,28684.49,5163.21,Credit,Bank Transfer,Advance cleared,Income
780cf294,ABC Corp,2024-11-13,Office Supplies,1,10784.69,1941.24,Debit,Credit Card,Includes GST,Expense
8c980931,ABC Corp,2024-10-04,Office Supplies,1,1671.85,300.93,Credit,UPI,Urgent payment,Income
79285a5a,Omega Inc,2025-02-18,Travel Expenses,2,23084.36,4155.18,Debit,Bank Transfer,Without GST,Expense
c807ce8d,LMN Pvt Ltd,2024-10-29,Software Purchase,5,5943.01,1069.74,Credit,UPI,Without GST,Income
edb49317,ABC Corp,2025-02-21,Software Purchase,5,34231.03,6161.59,Credit,UPI,Part payment,Income
c80aed52,Omega Inc,2024-12-05,Consultancy Fees,4,12315.19,0.0,Credit,Cheque,Payment processed successfully,Income
9e3f228c,LMN Pvt Ltd,2025-05-01,Office Supplies,1,37543.1,6757.76,Credit,Cheque,Without GST,Income
df6f304c,ABC Corp,2025-02-02,Salary,3,17764.29,3197.57,Credit,Cheque,Advance cleared,Income
d43133a6,PQR Enterprises,2025-05-18,Salary,3,33019.75,5943.55,Credit,Credit Card,Pending approval,Income
341088d4,Delta Co,2025-01-07,Software Purchase,5,31948.83,5750.79,Credit,Bank Transfer,Urgent payment,Income
213bdde8,Delta Co,2024-11-09,Travel Expenses,2,22560.34,4060.86,Credit,Credit Card,Payment processed successfully,Income
cd1ae731,LMN Pvt Ltd,2025-01-10,Consultancy Fees,4,23338.25,4200.89,Credit,Cheque,Payment processed successfully,Income
88b578cd,PQR Enterprises,2024-10-29,Salary,3,37825.67,0.0,Credit,Credit Card,Includes GST,Income
e224e5de,XYZ Ltd,2024-10-31,Maintenance,6,9561.18,1721.01,Debit,Cheque,Advance cleared,Expense
db316e34,ABC Corp,2025-01-10,Travel Expenses,2,10415.45,1874.78,Debit,Cheque,Pending approval,Expense
a4143ec1,PQR Enterprises,2025-03-19,Office Supplies,1,1052.49,189.45,Credit,Bank Transfer,Advance cleared,Income
77e23f66,ABC Corp,2024-12-15,Travel Expenses,2,38863.03,6995.35,Debit,Bank Transfer,Without GST,Expense
904559c8,Delta Co,2024-08-25,Salary,3,26421.99,4755.96,Debit,Cash,Final settlement,Expense
d2beb4b5,Omega Inc,2024-10-01,Maintenance,6,15813.77,2846.48,Debit,Cash,Pending approval,Expense
d95a4f26,Delta Co,2025-07-12,Maintenance,6,13949.34,0.0,Debit,Credit Card,Final settlement,Expense
41900cce,XYZ Ltd,2024-09-18,Maintenance,6,44654.45,8037.8,Credit,UPI,Part payment,Income
7b5bfaf7,XYZ Ltd,2024-12-09,Travel Expenses,2,44709.1,0.0,Credit,Credit Card,Without GST,Income
f2ba57d2,PQR Enterprises,2025-02-19,Salary,3,24085.32,4335.36,Debit,Cash,Advance cleared,Expense
c3d577b5,LMN Pvt Ltd,2025-01-09,Maintenance,6,10799.84,1943.97,Credit,Cash,Pending approval,Income
e8367c66,Omega Inc,2025-05-10,Consultancy Fees,4,46621.42,8391.86,Credit,Cash,Includes GST,Income
87f837b5,ABC Corp,2025-07-01,Travel Expenses,2,4017.49,0.0,Credit,Bank Transfer,Pending approval,Income
733f9d57,ABC Corp,2025-07-18,Travel Expenses,2,35530.38,6395.47,Credit,UPI,Includes GST,Income
